{"cameraMode":{"drawMode":0,"name":"Shaded","section":"Shading Mode"},"sceneLighting":true,"audioPlay":false,"sceneViewState":{"m_AlwaysRefresh":false,"showFog":true,"showSkybox":true,"showFlares":true,"showImageEffects":true,"showParticleSystems":true,"showVisualEffectGraphs":true,"m_FxEnabled":true},"in2DMode":false,"pivot":{"x":8.843772888183594,"y":-0.20497894287109376,"z":1.0999994277954102},"rotation":{"x":-0.1707407683134079,"y":-0.6394056677818298,"z":0.14857150614261628,"w":-0.7348058819770813},"size":19.863880157470704,"orthographic":false}